team1,team2,priority1,color1,priority2,color2,similarity
ARI,ATL,1,#97233F,2,#000000,167.3170642821586
ARI,BAL,1,#97233F,2,#000000,167.3170642821586
ARI,BUF,1,#97233F,1,#00338D,170.70735192135106
ARI,CAR,1,#97233F,1,#0085CA,227.43350676626343
ARI,CHI,2,#000000,2,#C83803,207.7137453323684
ARI,CIN,1,#97233F,2,#000000,167.3170642821586
ARI,CLE,2,#000000,2,#FF3C00,261.9637379485947
ARI,DAL,1,#97233F,1,#003594,174.21251390184347
ARI,DEN,1,#97233F,2,#002244,151.08606818631557
ARI,DET,1,#97233F,1,#0076B6,209.40630363004834
ARI,GB,1,#97233F,2,#FFB612,185.60711193270586
ARI,HOU,2,#000000,2,#A71930,175.55056251689996
ARI,IND,1,#97233F,1,#002C5F,154.6156525064652
ARI,JAX,1,#97233F,4,#006778,175.13994404475525
ARI,KC,1,#97233F,2,#FFB81C,185.04594024187614
ARI,LAC,1,#97233F,1,#0080C6,222.8788908802267
ARI,LAR,1,#97233F,1,#003594,174.21251390184347
ARI,LV,1,#97233F,1,#000000,167.3170642821586
ARI,MIA,1,#97233F,1,#008E97,204.9243762952568
ARI,MIN,1,#97233F,2,#FFC62F,194.01288616996553
ARI,NE,1,#97233F,1,#002244,151.08606818631557
ARI,NO,1,#97233F,1,#D3BC8D,181.91481522954638
ARI,NYG,1,#97233F,3,#A5ACAF,177.50774630984418
ARI,NYJ,1,#97233F,2,#000000,167.3170642821586
ARI,PHI,1,#97233F,1,#004C54,157.87019984784968
ARI,PIT,1,#97233F,1,#FFB612,185.60711193270586
ARI,SEA,1,#97233F,1,#002244,151.08606818631557
ARI,SF,2,#000000,1,#AA0000,170
ARI,TB,1,#97233F,4,#B1BABF,199.65219758369804
ARI,TEN,1,#97233F,2,#4B92DB,205.9927183179056
ARI,WAS,1,#97233F,2,#FFB612,185.60711193270586
ATL,ARI,1,#A71930,2,#000000,175.55056251689996
ATL,BAL,1,#A71930,2,#000000,175.55056251689996
ATL,BUF,1,#A71930,1,#00338D,192.90930511512397
ATL,CAR,1,#A71930,1,#0085CA,251.53329799452
ATL,CHI,1,#A71930,1,#0B162A,156.14416415607724
ATL,CIN,1,#A71930,2,#000000,175.55056251689996
ATL,CLE,2,#000000,2,#FF3C00,261.9637379485947
ATL,DAL,1,#A71930,1,#003594,196.65451939886864
ATL,DEN,1,#A71930,2,#002244,168.4339633209407
ATL,DET,1,#A71930,1,#0076B6,233.4394996567633
ATL,GB,1,#A71930,2,#FFB612,182.4636950190366
ATL,HOU,1,#A71930,1,#03202F,164.15236824365343
ATL,IND,1,#A71930,1,#002C5F,174.52506983238825
ATL,JAX,1,#A71930,1,#101820,151.84860881812517
ATL,KC,1,#A71930,2,#FFB81C,182.8250529878222
ATL,LAC,1,#A71930,1,#0080C6,246.9777317897304
ATL,LAR,1,#A71930,1,#003594,196.65451939886864
ATL,LV,1,#A71930,1,#000000,175.55056251689996
ATL,MIA,1,#A71930,1,#008E97,228.44474167728177
ATL,MIN,1,#A71930,2,#FFC62F,194.09791343546175
ATL,NE,1,#A71930,1,#002244,168.4339633209407
ATL,NO,1,#A71930,1,#D3BC8D,192.753728887407
ATL,NYG,1,#A71930,1,#0B2265,165.00303027520434
ATL,NYJ,1,#A71930,1,#125740,162.17583050504166
ATL,PHI,1,#A71930,1,#004C54,178.28628662911794
ATL,PIT,1,#A71930,1,#FFB612,182.4636950190366
ATL,SEA,1,#A71930,1,#002244,168.4339633209407
ATL,SF,2,#000000,1,#AA0000,170
ATL,TB,1,#A71930,4,#B1BABF,215.56901447100415
ATL,TEN,1,#A71930,1,#0C2340,156.14416415607724
ATL,WAS,1,#A71930,2,#FFB612,182.4636950190366
BAL,ARI,1,#241773,3,#FFB612,287.49086942023047
BAL,ATL,1,#241773,3,#A5ACAF,206.01456259206532
BAL,BUF,1,#241773,2,#C60C30,175.65306715227035
BAL,CAR,1,#241773,3,#BFC0BF,241.58228411868285
BAL,CHI,1,#241773,2,#C83803,201.3181561608391
BAL,CIN,1,#241773,1,#FB4F14,241.63195152959386
BAL,CLE,1,#241773,2,#FF3C00,250.10997581064214
BAL,DAL,1,#241773,3,#869397,162.09873534361705
BAL,DEN,1,#241773,1,#FB4F14,241.63195152959386
BAL,DET,1,#241773,2,#B0B7BC,224.7865654348587
BAL,GB,1,#241773,2,#FFB612,287.49086942023047
BAL,HOU,2,#000000,2,#A71930,175.55056251689996
BAL,IND,1,#241773,2,#A2AAAD,202.11135544545735
BAL,JAX,1,#241773,2,#D7A22A,238.09871902217367
BAL,KC,1,#241773,1,#E31837,200.20489504505127
BAL,LAC,1,#241773,2,#FFC20E,295.6399837640369
BAL,LAR,1,#241773,2,#FFA300,284.22878109016335
BAL,LV,1,#241773,2,#A5ACAF,206.01456259206532
BAL,MIA,1,#241773,2,#FC4C02,249.46743274423616
BAL,MIN,1,#241773,2,#FFC62F,288.4614358974177
BAL,NE,1,#241773,2,#C60C30,175.65306715227035
BAL,NO,1,#241773,1,#D3BC8D,241.92147486322912
BAL,NYG,1,#241773,3,#A5ACAF,206.01456259206532
BAL,NYJ,1,#241773,3,#FFFFFF,348.40350170456094
BAL,PHI,1,#241773,2,#A5ACAF,206.01456259206532
BAL,PIT,1,#241773,1,#FFB612,287.49086942023047
BAL,SEA,1,#241773,2,#69BE28,195.63997546513852
BAL,SF,1,#241773,1,#AA0000,178.07301873108122
BAL,TB,1,#241773,1,#D50A0A,206.2110569295449
BAL,TEN,1,#241773,2,#4B92DB,165.72869395490932
BAL,WAS,1,#241773,2,#FFB612,287.49086942023047
BUF,ARI,1,#00338D,1,#97233F,170.70735192135106
BUF,ATL,1,#00338D,1,#A71930,192.90930511512397
BUF,BAL,1,#00338D,3,#9E7C0C,216.64256276179896
BUF,CAR,1,#00338D,3,#BFC0BF,242.61492122291241
BUF,CHI,1,#00338D,2,#C83803,243.04114877937852
BUF,CIN,1,#00338D,1,#FB4F14,280.0464247227591
BUF,CLE,1,#00338D,1,#311D00,150.88406145116852
BUF,DAL,1,#00338D,3,#869397,165.14236282674412
BUF,DEN,1,#00338D,1,#FB4F14,280.0464247227591
BUF,DET,1,#00338D,2,#B0B7BC,224.96444163467257
BUF,GB,1,#00338D,2,#FFB612,311.95352217918617
BUF,HOU,1,#00338D,2,#A71930,192.90930511512397
BUF,IND,1,#00338D,2,#A2AAAD,203.54115063052976
BUF,JAX,1,#00338D,2,#D7A22A,261.43259169430274
BUF,KC,1,#00338D,1,#E31837,244.24168358410896
BUF,LAC,1,#00338D,2,#FFC20E,318.752254893985
BUF,LAR,1,#00338D,2,#FFA300,312.1698255757593
BUF,LV,1,#00338D,2,#A5ACAF,207.41745346040676
BUF,MIA,1,#00338D,2,#FC4C02,288.87713651308576
BUF,MIN,1,#00338D,2,#FFC62F,308.98220013457086
BUF,NE,1,#00338D,2,#C60C30,222.20261024569447
BUF,NO,1,#00338D,1,#D3BC8D,251.57503850740042
BUF,NYG,1,#00338D,2,#A71930,192.90930511512397
BUF,NYJ,1,#00338D,3,#FFFFFF,345.88581931036146
BUF,PHI,1,#00338D,2,#A5ACAF,207.41745346040676
BUF,PIT,1,#00338D,1,#FFB612,311.95352217918617
BUF,SEA,1,#00338D,2,#69BE28,201.36285655502607
BUF,SF,1,#00338D,1,#AA0000,226.6759802008144
BUF,TB,1,#00338D,1,#D50A0A,253.39889502521513
BUF,TEN,1,#00338D,3,#C8102E,224.16511771459895
BUF,WAS,1,#00338D,1,#5A1414,153.95453874439687
CAR,ARI,1,#0085CA,1,#97233F,227.43350676626343
CAR,ATL,1,#0085CA,1,#A71930,251.53329799452
CAR,BAL,1,#0085CA,2,#000000,241.85326129701042
CAR,BUF,1,#0085CA,2,#C60C30,278.4977558257876
CAR,CHI,1,#0085CA,1,#0B162A,195.04358487271506
CAR,CIN,1,#0085CA,1,#FB4F14,314.70780098370614
CAR,CLE,1,#0085CA,1,#311D00,232.42418118603752
CAR,DAL,1,#0085CA,2,#041E42,170.6487620816512
CAR,DEN,1,#0085CA,1,#FB4F14,314.70780098370614
CAR,DET,1,#0085CA,2,#B0B7BC,183.49931879982552
CAR,GB,1,#0085CA,1,#203731,174.69115604403103
CAR,HOU,1,#0085CA,1,#03202F,185.02702505309867
CAR,IND,1,#0085CA,2,#A2AAAD,168.68313490091415
CAR,JAX,1,#0085CA,1,#101820,202.57591169731904
CAR,KC,1,#0085CA,1,#E31837,291.58017765273416
CAR,LAC,1,#0085CA,2,#FFC20E,322.62981883266775
CAR,LAR,1,#0085CA,2,#FFA300,326.69404647161844
CAR,LV,1,#0085CA,1,#000000,241.85326129701042
CAR,MIA,1,#0085CA,2,#FC4C02,326.73077602209435
CAR,MIN,1,#0085CA,2,#FFC62F,305.409561081509
CAR,NE,1,#0085CA,1,#002244,166.6043216726385
CAR,NO,1,#0085CA,1,#D3BC8D,226.4221720591868
CAR,NYG,1,#0085CA,2,#A71930,251.53329799452
CAR,NYJ,1,#0085CA,2,#000000,241.85326129701042
CAR,PHI,1,#0085CA,2,#A5ACAF,171.68284713389394
CAR,PIT,1,#0085CA,1,#FFB612,318.2483307104689
CAR,SEA,1,#0085CA,1,#002244,166.6043216726385
CAR,SF,1,#0085CA,1,#AA0000,295.6230708182296
CAR,TB,1,#0085CA,1,#D50A0A,312.0288448204749
CAR,TEN,1,#0085CA,1,#0C2340,169.68205562168322
CAR,WAS,1,#0085CA,1,#5A1414,232.36393868240398
CHI,ARI,1,#0B162A,3,#FFB612,292.7661182582438
CHI,ATL,1,#0B162A,1,#A71930,156.14416415607724
CHI,BAL,1,#0B162A,3,#9E7C0C,181.41940359289026
CHI,BUF,1,#0B162A,2,#C60C30,187.36328348958875
CHI,CAR,1,#0B162A,1,#0085CA,195.04358487271506
CHI,CIN,1,#0B162A,1,#FB4F14,247.65500196846418
CHI,CLE,1,#0B162A,2,#FF3C00,250.48752463945186
CHI,DAL,1,#0B162A,3,#869397,206.48244477436816
CHI,DEN,1,#0B162A,1,#FB4F14,247.65500196846418
CHI,DET,1,#0B162A,1,#0076B6,170.1087887206302
CHI,GB,1,#0B162A,2,#FFB612,292.7661182582438
CHI,HOU,1,#0B162A,2,#A71930,156.14416415607724
CHI,IND,1,#0B162A,2,#A2AAAD,248.72876793808953
CHI,JAX,1,#0B162A,2,#D7A22A,247.41867350707383
CHI,KC,1,#0B162A,1,#E31837,216.40009242142204
CHI,LAC,1,#0B162A,1,#0080C6,188.92591140444446
CHI,LAR,1,#0B162A,2,#FFA300,284.9227965607526
CHI,LV,1,#0B162A,2,#A5ACAF,252.79438284898657
CHI,MIA,1,#0B162A,1,#008E97,162.48692255070867
CHI,MIN,1,#0B162A,2,#FFC62F,300.8936689264166
CHI,NE,1,#0B162A,2,#C60C30,187.36328348958875
CHI,NO,1,#0B162A,1,#D3BC8D,278.1312639744047
CHI,NYG,1,#0B162A,2,#A71930,156.14416415607724
CHI,NYJ,1,#0B162A,3,#FFFFFF,398.99122797374883
CHI,PHI,1,#0B162A,2,#A5ACAF,252.79438284898657
CHI,PIT,1,#0B162A,1,#FFB612,292.7661182582438
CHI,SEA,1,#0B162A,2,#69BE28,192.52012881774206
CHI,SF,1,#0B162A,1,#AA0000,165.91865476793137
CHI,TB,1,#0B162A,1,#D50A0A,204.87069092478797
CHI,TEN,1,#0B162A,2,#4B92DB,225.39077177204928
CHI,WAS,1,#0B162A,2,#FFB612,292.7661182582438
CIN,ARI,1,#FB4F14,2,#000000,263.89770745499095
CIN,ATL,1,#FB4F14,2,#000000,263.89770745499095
CIN,BAL,1,#FB4F14,1,#241773,241.63195152959386
CIN,BUF,1,#FB4F14,1,#00338D,280.0464247227591
CIN,CAR,1,#FB4F14,1,#0085CA,314.70780098370614
CIN,CHI,1,#FB4F14,1,#0B162A,247.65500196846418
CIN,CLE,1,#FB4F14,1,#311D00,209.05501668221214
CIN,DAL,1,#FB4F14,1,#003594,282.95052571076803
CIN,DEN,1,#FB4F14,2,#002244,259.4802497301095
CIN,DET,1,#FB4F14,1,#0076B6,301.2739617026337
CIN,GB,1,#FB4F14,1,#203731,222.21161085775873
CIN,HOU,1,#FB4F14,1,#03202F,253.85428891393582
CIN,IND,1,#FB4F14,1,#002C5F,264.29339757171385
CIN,JAX,1,#FB4F14,1,#101820,241.64850506469102
CIN,KC,2,#000000,1,#E31837,234.7977853387889
CIN,LAC,1,#FB4F14,1,#0080C6,311.58626413884167
CIN,LAR,1,#FB4F14,1,#003594,282.95052571076803
CIN,LV,1,#FB4F14,1,#000000,263.89770745499095
CIN,MIA,1,#FB4F14,1,#008E97,290.0534433513934
CIN,MIN,1,#FB4F14,1,#4F2683,208.77260356665576
CIN,NE,1,#FB4F14,1,#002244,259.4802497301095
CIN,NO,1,#FB4F14,1,#D3BC8D,167.69615380204758
CIN,NYG,1,#FB4F14,1,#0B2265,257.2663988942202
CIN,NYJ,1,#FB4F14,1,#125740,237.25302948539982
CIN,PHI,1,#FB4F14,1,#004C54,259.04825805243314
CIN,PIT,1,#FB4F14,2,#101820,241.64850506469102
CIN,SEA,1,#FB4F14,1,#002244,259.4802497301095
CIN,SF,2,#000000,1,#AA0000,170
CIN,TB,1,#FB4F14,4,#B1BABF,214.86274688740252
CIN,TEN,1,#FB4F14,1,#0C2340,246.96760921222037
CIN,WAS,1,#FB4F14,1,#5A1414,171.47011401407536
CLE,ARI,1,#311D00,3,#FFB612,257.2333570904054
CLE,ATL,1,#311D00,3,#A5ACAF,254.02755756019857
CLE,BAL,1,#311D00,4,#C60C30,157.4611063088279
CLE,BUF,1,#311D00,1,#00338D,150.88406145116852
CLE,CAR,1,#311D00,1,#0085CA,232.42418118603752
CLE,CHI,1,#311D00,2,#C83803,153.42424840943494
CLE,CIN,1,#311D00,1,#FB4F14,209.05501668221214
CLE,DAL,1,#311D00,1,#003594,157.73712308775
CLE,DEN,1,#311D00,1,#FB4F14,209.05501668221214
CLE,DET,1,#311D00,1,#0076B6,208.43704085406702
CLE,GB,1,#311D00,2,#FFB612,257.2333570904054
CLE,HOU,2,#FF3C00,1,#03202F,257.87012234844116
CLE,IND,1,#311D00,2,#A2AAAD,250.1579501035296
CLE,JAX,1,#311D00,2,#D7A22A,216.8155898453799
CLE,KC,1,#311D00,1,#E31837,186.37059853957652
CLE,LAC,1,#311D00,1,#0080C6,226.72891302169646
CLE,LAR,1,#311D00,1,#003594,157.73712308775
CLE,LV,1,#311D00,2,#A5ACAF,254.02755756019857
CLE,MIA,1,#311D00,1,#008E97,194.86148926865974
CLE,MIN,1,#311D00,2,#FFC62F,270.56607326122764
CLE,NE,1,#311D00,2,#C60C30,157.4611063088279
CLE,NO,1,#311D00,1,#D3BC8D,267.2190112997202
CLE,NYG,1,#311D00,3,#A5ACAF,254.02755756019857
CLE,NYJ,1,#311D00,3,#FFFFFF,398.16705036956535
CLE,PHI,1,#311D00,2,#A5ACAF,254.02755756019857
CLE,PIT,1,#311D00,1,#FFB612,257.2333570904054
CLE,SEA,1,#311D00,2,#69BE28,175.09140470051636
CLE,SF,1,#311D00,2,#B3995D,202.2992832414391
CLE,TB,1,#311D00,1,#D50A0A,165.39951632335567
CLE,TEN,1,#311D00,2,#4B92DB,249.65175745425867
CLE,WAS,1,#311D00,2,#FFB612,257.2333570904054
DAL,ARI,1,#003594,1,#97233F,174.21251390184347
DAL,ATL,1,#003594,1,#A71930,196.65451939886864
DAL,BAL,1,#003594,2,#000000,157.20368952413298
DAL,BUF,1,#003594,2,#C60C30,225.5770378385176
DAL,CAR,1,#003594,3,#BFC0BF,240.10622649152603
DAL,CHI,1,#003594,2,#C83803,247.05060210410335
DAL,CIN,1,#003594,1,#FB4F14,282.95052571076803
DAL,CLE,1,#003594,1,#311D00,157.73712308775
DAL,DEN,1,#003594,1,#FB4F14,282.95052571076803
DAL,DET,1,#003594,2,#B0B7BC,222.4320120845918
DAL,GB,1,#003594,2,#FFB612,313.9522256649887
DAL,HOU,1,#003594,2,#A71930,196.65451939886864
DAL,IND,1,#003594,2,#A2AAAD,201.3901685783097
DAL,JAX,1,#003594,2,#D7A22A,263.3286919422189
DAL,KC,1,#003594,1,#E31837,247.02024208554246
DAL,LAC,1,#003594,2,#FFC20E,320.72106260736916
DAL,LAR,1,#003594,2,#FFA300,314.6887351018463
DAL,LV,1,#003594,1,#000000,157.20368952413298
DAL,MIA,1,#003594,2,#FC4C02,292.1455116889527
DAL,MIN,1,#003594,2,#FFC62F,310.2434527915134
DAL,NE,1,#003594,2,#C60C30,225.5770378385176
DAL,NO,1,#003594,1,#D3BC8D,250.58930543820102
DAL,NYG,1,#003594,2,#A71930,196.65451939886864
DAL,NYJ,1,#003594,2,#000000,157.20368952413298
DAL,PHI,1,#003594,2,#A5ACAF,205.21939479493648
DAL,PIT,1,#003594,1,#FFB612,313.9522256649887
DAL,SEA,1,#003594,2,#69BE28,203.61237683402254
DAL,SF,1,#003594,1,#AA0000,231.54481207748967
DAL,TB,1,#003594,1,#D50A0A,257.414063329881
DAL,TEN,1,#003594,3,#C8102E,227.53681020880995
DAL,WAS,1,#003594,1,#5A1414,159.91560274094581
DEN,ARI,1,#FB4F14,2,#000000,263.89770745499095
DEN,ATL,1,#FB4F14,2,#000000,263.89770745499095
DEN,BAL,1,#FB4F14,1,#241773,241.63195152959386
DEN,BUF,1,#FB4F14,1,#00338D,280.0464247227591
DEN,CAR,1,#FB4F14,1,#0085CA,314.70780098370614
DEN,CHI,1,#FB4F14,1,#0B162A,247.65500196846418
DEN,CIN,1,#FB4F14,2,#000000,263.89770745499095
DEN,CLE,1,#FB4F14,1,#311D00,209.05501668221214
DEN,DAL,1,#FB4F14,1,#003594,282.95052571076803
DEN,DET,1,#FB4F14,1,#0076B6,301.2739617026337
DEN,GB,1,#FB4F14,1,#203731,222.21161085775873
DEN,HOU,1,#FB4F14,1,#03202F,253.85428891393582
DEN,IND,1,#FB4F14,1,#002C5F,264.29339757171385
DEN,JAX,1,#FB4F14,1,#101820,241.64850506469102
DEN,KC,2,#002244,1,#E31837,227.5917397446577
DEN,LAC,1,#FB4F14,1,#0080C6,311.58626413884167
DEN,LAR,1,#FB4F14,1,#003594,282.95052571076803
DEN,LV,1,#FB4F14,1,#000000,263.89770745499095
DEN,MIA,1,#FB4F14,1,#008E97,290.0534433513934
DEN,MIN,1,#FB4F14,1,#4F2683,208.77260356665576
DEN,NE,1,#FB4F14,1,#002244,259.4802497301095
DEN,NO,1,#FB4F14,1,#D3BC8D,167.69615380204758
DEN,NYG,1,#FB4F14,1,#0B2265,257.2663988942202
DEN,NYJ,1,#FB4F14,1,#125740,237.25302948539982
DEN,PHI,1,#FB4F14,1,#004C54,259.04825805243314
DEN,PIT,1,#FB4F14,2,#101820,241.64850506469102
DEN,SEA,1,#FB4F14,1,#002244,259.4802497301095
DEN,SF,2,#002244,1,#AA0000,186.22566955175648
DEN,TB,1,#FB4F14,4,#B1BABF,214.86274688740252
DEN,TEN,1,#FB4F14,1,#0C2340,246.96760921222037
DEN,WAS,1,#FB4F14,1,#5A1414,171.47011401407536
DET,ARI,1,#0076B6,1,#97233F,209.40630363004834
DET,ATL,1,#0076B6,1,#A71930,233.4394996567633
DET,BAL,1,#0076B6,2,#000000,216.90550938138938
DET,BUF,1,#0076B6,2,#C60C30,261.5262893095071
DET,CAR,1,#0076B6,2,#101820,177.74138516395107
DET,CHI,1,#0076B6,1,#0B162A,170.1087887206302
DET,CIN,1,#0076B6,1,#FB4F14,301.2739617026337
DET,CLE,1,#0076B6,1,#311D00,208.43704085406702
DET,DAL,1,#0076B6,5,#FFFFFF,298.53475509561696
DET,DEN,1,#0076B6,1,#FB4F14,301.2739617026337
DET,GB,1,#0076B6,1,#203731,150.6054447886928
DET,HOU,1,#0076B6,1,#03202F,160.09372255026116
DET,IND,1,#0076B6,2,#A2AAAD,170.3789893149974
DET,JAX,1,#0076B6,1,#101820,177.74138516395107
DET,KC,1,#0076B6,1,#E31837,276.57548698321045
DET,LAC,1,#0076B6,2,#FFC20E,314.6823795511913
DET,LAR,1,#0076B6,2,#FFA300,316.5027646008799
DET,LV,1,#0076B6,1,#000000,216.90550938138938
DET,MIA,1,#0076B6,2,#FC4C02,312.51879943453
DET,MIN,1,#0076B6,2,#FFC62F,299.41609843159733
DET,NE,1,#0076B6,2,#C60C30,261.5262893095071
DET,NO,1,#0076B6,1,#D3BC8D,226.05751480541406
DET,NYG,1,#0076B6,2,#A71930,233.4394996567633
DET,NYJ,1,#0076B6,2,#000000,216.90550938138938
DET,PHI,1,#0076B6,2,#A5ACAF,173.75269782078206
DET,PIT,1,#0076B6,1,#FFB612,309.86610011422675
DET,SEA,1,#0076B6,2,#69BE28,190.71706793048176
DET,SF,1,#0076B6,1,#AA0000,275.586646991468
DET,TB,1,#0076B6,1,#D50A0A,294.3076621496627
DET,TEN,1,#0076B6,3,#C8102E,262.48809496813374
DET,WAS,1,#0076B6,1,#5A1414,209.63778285414105
GB,ARI,1,#203731,3,#FFB612,258.4937136566381
GB,ATL,1,#203731,3,#A5ACAF,217.3798518722469
GB,BAL,1,#203731,4,#C60C30,171.48177745754796
GB,BUF,1,#203731,2,#C60C30,171.48177745754796
GB,CAR,1,#203731,1,#0085CA,174.69115604403103
GB,CHI,1,#203731,2,#C83803,174.1866814656046
GB,CIN,1,#203731,1,#FB4F14,222.21161085775873
GB,CLE,1,#203731,2,#FF3C00,228.37469211801906
GB,DAL,1,#203731,3,#869397,171.09061926359377
GB,DEN,1,#203731,1,#FB4F14,222.21161085775873
GB,DET,1,#203731,1,#0076B6,150.6054447886928
GB,HOU,2,#FFB612,1,#03202F,294.6947573337537
GB,IND,1,#203731,2,#A2AAAD,213.30963410029094
GB,JAX,1,#203731,2,#D7A22A,212.1013908488108
GB,KC,1,#203731,1,#E31837,197.53986939349738
GB,LAC,1,#203731,1,#0080C6,168.9792886717186
GB,LAR,1,#203731,2,#FFA300,252.57474141330917
GB,LV,1,#203731,2,#A5ACAF,217.3798518722469
GB,MIA,1,#203731,2,#FC4C02,225.94247055390008
GB,MIN,1,#203731,2,#FFC62F,264.91885550107605
GB,NE,1,#203731,2,#C60C30,171.48177745754796
GB,NO,1,#203731,1,#D3BC8D,241.2343259156955
GB,NYG,1,#203731,3,#A5ACAF,217.3798518722469
GB,NYJ,1,#203731,3,#FFFFFF,363.54504535201687
GB,PHI,1,#203731,2,#A5ACAF,217.3798518722469
GB,PIT,1,#203731,1,#FFB612,258.4937136566381
GB,SEA,1,#203731,2,#69BE28,153.73678805022564
GB,SF,1,#203731,1,#AA0000,156.4288975860918
GB,TB,1,#203731,1,#D50A0A,190.5439581828823
GB,TEN,1,#203731,2,#4B92DB,197.56011743264378
GB,WAS,1,#203731,2,#FFB612,258.4937136566381
HOU,ARI,1,#03202F,3,#FFB612,294.6947573337537
HOU,ATL,1,#03202F,1,#A71930,164.15236824365343
HOU,BAL,1,#03202F,3,#9E7C0C,183.61372497719228
HOU,BUF,1,#03202F,2,#C60C30,196.02550854416882
HOU,CAR,1,#03202F,1,#0085CA,185.02702505309867
HOU,CHI,1,#03202F,2,#C83803,203.27567488511752
HOU,CIN,1,#03202F,1,#FB4F14,253.85428891393582
HOU,CLE,1,#03202F,2,#FF3C00,257.87012234844116
HOU,DAL,1,#03202F,3,#869397,202.98275788844725
HOU,DEN,1,#03202F,1,#FB4F14,253.85428891393582
HOU,DET,1,#03202F,1,#0076B6,160.09372255026116
HOU,GB,1,#03202F,2,#FFB612,294.6947573337537
HOU,IND,1,#03202F,2,#A2AAAD,245.35892076710803
HOU,JAX,1,#03202F,2,#D7A22A,248.73479853048306
HOU,KC,1,#03202F,1,#E31837,224.285532302019
HOU,LAC,1,#03202F,1,#0080C6,178.95809565370325
HOU,LAR,1,#03202F,2,#FFA300,287.87844657077056
HOU,LV,1,#03202F,2,#A5ACAF,249.4554068365727
HOU,MIA,1,#03202F,1,#008E97,151.41003929726722
HOU,MIN,1,#03202F,2,#FFC62F,301.7614952242913
HOU,NE,1,#03202F,2,#C60C30,196.02550854416882
HOU,NO,1,#03202F,1,#D3BC8D,276.4706132665821
HOU,NYG,1,#03202F,2,#A71930,164.15236824365343
HOU,NYJ,1,#03202F,3,#FFFFFF,395.59701717783463
HOU,PHI,1,#03202F,2,#A5ACAF,249.4554068365727
HOU,PIT,1,#03202F,1,#FFB612,294.6947573337537
HOU,SEA,1,#03202F,2,#69BE28,188.194048790072
HOU,SF,1,#03202F,1,#AA0000,176.41428513586987
HOU,TB,1,#03202F,1,#D50A0A,214.36650857818253
HOU,TEN,1,#03202F,2,#4B92DB,218.54976549975981
HOU,WAS,1,#03202F,2,#FFB612,294.6947573337537
IND,ARI,1,#002C5F,1,#97233F,154.6156525064652
IND,ATL,1,#002C5F,1,#A71930,174.52506983238825
IND,BAL,1,#002C5F,3,#9E7C0C,195.58374165558854
IND,BUF,1,#002C5F,2,#C60C30,206.0024271701671
IND,CAR,1,#002C5F,3,#BFC0BF,260.00192306981114
IND,CHI,1,#002C5F,2,#C83803,220.47222047233072
IND,CIN,1,#002C5F,1,#FB4F14,264.29339757171385
IND,CLE,1,#002C5F,2,#FF3C00,272.5912691191704
IND,DAL,1,#002C5F,3,#869397,178.0477464052831
IND,DEN,1,#002C5F,1,#FB4F14,264.29339757171385
IND,DET,1,#002C5F,2,#B0B7BC,242.78797334299736
IND,GB,1,#002C5F,2,#FFB612,299.99666664814794
IND,HOU,1,#002C5F,2,#A71930,174.52506983238825
IND,JAX,1,#002C5F,2,#D7A22A,250.91432800858544
IND,KC,1,#002C5F,1,#E31837,231.36335059814465
IND,LAC,1,#002C5F,2,#FFC20E,306.7344128069102
IND,LAR,1,#002C5F,2,#FFA300,297.00336698428185
IND,LV,1,#002C5F,2,#A5ACAF,223.62692145625044
IND,MIA,1,#002C5F,2,#FC4C02,270.51247660690257
IND,MIN,1,#002C5F,2,#FFC62F,301.7366401350688
IND,NE,1,#002C5F,2,#C60C30,206.0024271701671
IND,NO,1,#002C5F,1,#D3BC8D,259.5630944491146
IND,NYG,1,#002C5F,2,#A71930,174.52506983238825
IND,NYJ,1,#002C5F,3,#FFFFFF,367.62208856378584
IND,PHI,1,#002C5F,2,#A5ACAF,223.62692145625044
IND,PIT,1,#002C5F,1,#FFB612,299.99666664814794
IND,SEA,1,#002C5F,2,#69BE28,188.05850153609114
IND,SF,1,#002C5F,1,#AA0000,199.65219758369804
IND,TB,1,#002C5F,1,#D50A0A,231.8404623873926
IND,TEN,1,#002C5F,2,#4B92DB,177.21455922130102
IND,WAS,1,#002C5F,2,#FFB612,299.99666664814794
JAX,ARI,1,#101820,3,#FFB612,286.8466489258677
JAX,ATL,1,#101820,1,#A71930,151.84860881812517
JAX,BAL,1,#101820,3,#9E7C0C,174.82562741200158
JAX,BUF,1,#101820,2,#C60C30,183.09560344257315
JAX,CAR,1,#101820,1,#0085CA,202.57591169731904
JAX,CHI,1,#101820,2,#C83803,189
JAX,CIN,1,#101820,1,#FB4F14,241.64850506469102
JAX,CLE,1,#101820,2,#FF3C00,243.80525014855607
JAX,DAL,1,#101820,3,#869397,207.87977294580634
JAX,DEN,1,#101820,1,#FB4F14,241.64850506469102
JAX,DET,1,#101820,1,#0076B6,177.74138516395107
JAX,GB,1,#101820,2,#FFB612,286.8466489258677
JAX,HOU,1,#101820,2,#A71930,151.84860881812517
JAX,IND,1,#101820,2,#A2AAAD,250.0259986481406
JAX,KC,1,#101820,1,#E31837,212.24985276791125
JAX,LAC,1,#101820,1,#0080C6,196.5400722499104
JAX,LAR,1,#101820,2,#FFA300,278.3271456398028
JAX,LV,1,#101820,2,#A5ACAF,254.07479213806315
JAX,MIA,1,#101820,1,#008E97,168.3478541591784
JAX,MIN,1,#101820,2,#FFC62F,296.0101349616259
JAX,NE,1,#101820,2,#C60C30,183.09560344257315
JAX,NO,1,#101820,1,#D3BC8D,277.1317376267107
JAX,NYG,1,#101820,2,#A71930,151.84860881812517
JAX,NYJ,1,#101820,3,#FFFFFF,400.26366310221067
JAX,PHI,1,#101820,2,#A5ACAF,254.07479213806315
JAX,PIT,1,#101820,1,#FFB612,286.8466489258677
JAX,SEA,1,#101820,2,#69BE28,188.5232081203797
JAX,SF,1,#101820,1,#AA0000,159.11002482559041
JAX,TB,1,#101820,1,#D50A0A,198.7183937133148
JAX,TEN,1,#101820,2,#4B92DB,230.94155104701275
JAX,WAS,1,#101820,2,#FFB612,286.8466489258677
KC,ARI,1,#E31837,2,#000000,234.7977853387889
KC,ATL,1,#E31837,2,#000000,234.7977853387889
KC,BAL,1,#E31837,1,#241773,200.20489504505127
KC,BUF,1,#E31837,1,#00338D,244.24168358410896
KC,CAR,1,#E31837,1,#0085CA,291.58017765273416
KC,CHI,1,#E31837,1,#0B162A,216.40009242142204
KC,CIN,1,#E31837,2,#000000,234.7977853387889
KC,CLE,1,#E31837,1,#311D00,186.37059853957652
KC,DAL,1,#E31837,1,#003594,247.02024208554246
KC,DEN,1,#E31837,2,#002244,227.5917397446577
KC,DET,1,#E31837,1,#0076B6,276.57548698321045
KC,GB,1,#E31837,1,#203731,197.53986939349738
KC,HOU,1,#E31837,1,#03202F,224.285532302019
KC,IND,1,#E31837,1,#002C5F,231.36335059814465
KC,JAX,1,#E31837,1,#101820,212.24985276791125
KC,LAC,1,#E31837,1,#0080C6,287.7394654891817
KC,LAR,1,#E31837,1,#003594,247.02024208554246
KC,LV,1,#E31837,1,#000000,234.7977853387889
KC,MIA,1,#E31837,1,#008E97,273.256289955053
KC,MIN,1,#E31837,1,#4F2683,166.96107330752278
KC,NE,1,#E31837,1,#002244,227.5917397446577
KC,NO,1,#E31837,1,#D3BC8D,185.87092295461386
KC,NYG,1,#E31837,1,#0B2265,221.0701246211256
KC,NYJ,1,#E31837,1,#125740,218.4742547761635
KC,PHI,1,#E31837,1,#004C54,234.67850348934817
KC,PIT,1,#E31837,1,#FFB612,164.67240205936147
KC,SEA,1,#E31837,1,#002244,227.5917397446577
KC,SF,2,#FFB81C,1,#AA0000,204.60938394902615
KC,TB,1,#E31837,4,#B1BABF,217.34764779035453
KC,TEN,1,#E31837,1,#0C2340,215.4692553474857
KC,WAS,1,#E31837,2,#FFB612,164.67240205936147
LAC,ARI,1,#0080C6,1,#97233F,222.8788908802267
LAC,ATL,1,#0080C6,1,#A71930,246.9777317897304
LAC,BAL,1,#0080C6,2,#000000,235.77107541002565
LAC,BUF,1,#0080C6,2,#C60C30,274.1532418192424
LAC,CAR,1,#0080C6,2,#101820,196.5400722499104
LAC,CHI,1,#0080C6,1,#0B162A,188.92591140444446
LAC,CIN,1,#0080C6,1,#FB4F14,311.58626413884167
LAC,CLE,1,#0080C6,1,#311D00,226.72891302169646
LAC,DAL,1,#0080C6,2,#041E42,164.4506004853737
LAC,DEN,1,#0080C6,1,#FB4F14,311.58626413884167
LAC,DET,1,#0080C6,2,#B0B7BC,184.66456075814872
LAC,GB,1,#0080C6,1,#203731,168.9792886717186
LAC,HOU,1,#0080C6,1,#03202F,178.95809565370325
LAC,IND,1,#0080C6,2,#A2AAAD,169.2128836702454
LAC,JAX,1,#0080C6,1,#101820,196.5400722499104
LAC,KC,1,#0080C6,1,#E31837,287.7394654891817
LAC,LAR,1,#0080C6,2,#FFA300,324.736816514543
LAC,LV,1,#0080C6,1,#000000,235.77107541002565
LAC,MIA,1,#0080C6,2,#FC4C02,323.4563339927045
LAC,MIN,1,#0080C6,2,#FFC62F,304.5094415613414
LAC,NE,1,#0080C6,1,#002244,160.4244370412438
LAC,NO,1,#0080C6,1,#D3BC8D,226.64950915455344
LAC,NYG,1,#0080C6,2,#A71930,246.9777317897304
LAC,NYJ,1,#0080C6,2,#000000,235.77107541002565
LAC,PHI,1,#0080C6,2,#A5ACAF,172.30786401090347
LAC,PIT,1,#0080C6,1,#FFB612,316.76647549890754
LAC,SEA,1,#0080C6,1,#002244,160.4244370412438
LAC,SF,1,#0080C6,1,#AA0000,290.66819571463265
LAC,TB,1,#0080C6,1,#D50A0A,307.631272792608
LAC,TEN,1,#0080C6,1,#0C2340,163.55121522018723
LAC,WAS,1,#0080C6,1,#5A1414,226.8215157342883
LAR,ARI,1,#003594,1,#97233F,174.21251390184347
LAR,ATL,1,#003594,1,#A71930,196.65451939886864
LAR,BAL,1,#003594,2,#000000,157.20368952413298
LAR,BUF,1,#003594,2,#C60C30,225.5770378385176
LAR,CAR,1,#003594,3,#BFC0BF,240.10622649152603
LAR,CHI,1,#003594,2,#C83803,247.05060210410335
LAR,CIN,1,#003594,1,#FB4F14,282.95052571076803
LAR,CLE,1,#003594,1,#311D00,157.73712308775
LAR,DAL,1,#003594,3,#869397,163.71010964506743
LAR,DEN,1,#003594,1,#FB4F14,282.95052571076803
LAR,DET,1,#003594,2,#B0B7BC,222.4320120845918
LAR,GB,1,#003594,2,#FFB612,313.9522256649887
LAR,HOU,1,#003594,2,#A71930,196.65451939886864
LAR,IND,1,#003594,2,#A2AAAD,201.3901685783097
LAR,JAX,1,#003594,2,#D7A22A,263.3286919422189
LAR,KC,1,#003594,1,#E31837,247.02024208554246
LAR,LAC,1,#003594,2,#FFC20E,320.72106260736916
LAR,LV,1,#003594,1,#000000,157.20368952413298
LAR,MIA,1,#003594,2,#FC4C02,292.1455116889527
LAR,MIN,1,#003594,2,#FFC62F,310.2434527915134
LAR,NE,1,#003594,2,#C60C30,225.5770378385176
LAR,NO,1,#003594,1,#D3BC8D,250.58930543820102
LAR,NYG,1,#003594,2,#A71930,196.65451939886864
LAR,NYJ,1,#003594,2,#000000,157.20368952413298
LAR,PHI,1,#003594,2,#A5ACAF,205.21939479493648
LAR,PIT,1,#003594,1,#FFB612,313.9522256649887
LAR,SEA,1,#003594,2,#69BE28,203.61237683402254
LAR,SF,1,#003594,1,#AA0000,231.54481207748967
LAR,TB,1,#003594,1,#D50A0A,257.414063329881
LAR,TEN,1,#003594,3,#C8102E,227.53681020880995
LAR,WAS,1,#003594,1,#5A1414,159.91560274094581
LV,ARI,1,#000000,1,#97233F,167.3170642821586
LV,ATL,1,#000000,1,#A71930,175.55056251689996
LV,BAL,1,#000000,3,#9E7C0C,201.20636172845033
LV,BUF,1,#000000,2,#C60C30,204.08821622033938
LV,CAR,1,#000000,1,#0085CA,241.85326129701042
LV,CHI,1,#000000,2,#C83803,207.7137453323684
LV,CIN,1,#000000,1,#FB4F14,263.89770745499095
LV,CLE,1,#000000,2,#FF3C00,261.9637379485947
LV,DAL,1,#000000,1,#003594,157.20368952413298
LV,DEN,1,#000000,1,#FB4F14,263.89770745499095
LV,DET,1,#000000,1,#0076B6,216.90550938138938
LV,GB,1,#000000,2,#FFB612,313.80407900471914
LV,HOU,1,#000000,2,#A71930,175.55056251689996
LV,IND,1,#000000,2,#A2AAAD,291.6727618410742
LV,JAX,1,#000000,2,#D7A22A,272.4573361097109
LV,KC,1,#000000,1,#E31837,234.7977853387889
LV,LAC,1,#000000,1,#0080C6,235.77107541002565
LV,LAR,1,#000000,1,#003594,157.20368952413298
LV,MIA,1,#000000,1,#008E97,207.28000385951367
LV,MIN,1,#000000,1,#4F2683,157.62613996415695
LV,NE,1,#000000,2,#C60C30,204.08821622033938
LV,NO,1,#000000,1,#D3BC8D,315.8259014077218
LV,NYG,1,#000000,2,#A71930,175.55056251689996
LV,NYJ,1,#000000,3,#FFFFFF,441.6729559300637
LV,PHI,1,#000000,2,#A5ACAF,295.6924077483221
LV,PIT,1,#000000,1,#FFB612,313.80407900471914
LV,SEA,1,#000000,2,#69BE28,220.73740054644117
LV,SF,1,#000000,1,#AA0000,170
LV,TB,1,#000000,1,#D50A0A,213.4689672996991
LV,TEN,1,#000000,2,#4B92DB,273.68229756416474
LV,WAS,1,#000000,2,#FFB612,313.80407900471914
MIA,ARI,1,#008E97,1,#97233F,204.9243762952568
MIA,ATL,1,#008E97,1,#A71930,228.44474167728177
MIA,BAL,1,#008E97,2,#000000,207.28000385951367
MIA,BUF,1,#008E97,2,#C60C30,258.28859827719845
MIA,CAR,1,#008E97,2,#101820,168.3478541591784
MIA,CHI,1,#008E97,1,#0B162A,162.48692255070867
MIA,CIN,1,#008E97,1,#FB4F14,290.0534433513934
MIA,CLE,1,#008E97,1,#311D00,194.86148926865974
MIA,DAL,1,#008E97,5,#FFFFFF,297.6743186773088
MIA,DEN,1,#008E97,1,#FB4F14,290.0534433513934
MIA,DET,1,#008E97,2,#B0B7BC,184.46137807140008
MIA,GB,1,#008E97,2,#FFB612,290.3687310989253
MIA,HOU,1,#008E97,1,#03202F,151.41003929726722
MIA,IND,1,#008E97,2,#A2AAAD,165.86741693292265
MIA,JAX,1,#008E97,1,#101820,168.3478541591784
MIA,KC,1,#008E97,1,#E31837,273.256289955053
MIA,LAC,1,#008E97,2,#FFC20E,294.1054232753963
MIA,LAR,1,#008E97,2,#FFA300,297.09762705211904
MIA,LV,1,#008E97,1,#000000,207.28000385951367
MIA,MIN,1,#008E97,2,#FFC62F,281.0284683088174
MIA,NE,1,#008E97,2,#C60C30,258.28859827719845
MIA,NO,1,#008E97,1,#D3BC8D,216.18741869035765
MIA,NYG,1,#008E97,2,#A71930,228.44474167728177
MIA,NYJ,1,#008E97,2,#000000,207.28000385951367
MIA,PHI,1,#008E97,2,#A5ACAF,169.413694841946
MIA,PIT,1,#008E97,1,#FFB612,290.3687310989253
MIA,SEA,1,#008E97,2,#69BE28,160.15617378046966
MIA,SF,1,#008E97,1,#AA0000,268.07648162418127
MIA,TB,1,#008E97,1,#D50A0A,287.53086790812563
MIA,TEN,1,#008E97,3,#C8102E,258.65227623200997
MIA,WAS,1,#008E97,1,#5A1414,200.36217207846394
MIN,ARI,1,#4F2683,2,#000000,157.62613996415695
MIN,ATL,1,#4F2683,2,#000000,157.62613996415695
MIN,BAL,1,#4F2683,2,#000000,157.62613996415695
MIN,BUF,2,#FFC62F,1,#00338D,308.98220013457086
MIN,CAR,1,#4F2683,3,#BFC0BF,199.64969321288726
MIN,CHI,1,#4F2683,2,#C83803,177.05648816126453
MIN,CIN,1,#4F2683,1,#FB4F14,208.77260356665576
MIN,CLE,1,#4F2683,2,#FF3C00,220.50170067371363
MIN,DAL,1,#4F2683,5,#FFFFFF,305.6812064880666
MIN,DEN,1,#4F2683,1,#FB4F14,208.77260356665576
MIN,DET,1,#4F2683,2,#B0B7BC,183.52928921564535
MIN,GB,1,#4F2683,2,#FFB612,253.9310930154084
MIN,HOU,2,#FFC62F,1,#03202F,301.7614952242913
MIN,IND,1,#4F2683,2,#A2AAAD,161.48374531202822
MIN,JAX,1,#4F2683,2,#D7A22A,204.4333632262601
MIN,KC,1,#4F2683,1,#E31837,166.96107330752278
MIN,LAC,1,#4F2683,2,#FFC20E,262.68041419184647
MIN,LAR,1,#4F2683,2,#FFA300,252.51138588190435
MIN,LV,1,#4F2683,1,#000000,157.62613996415695
MIN,MIA,1,#4F2683,2,#FC4C02,219.1209711552046
MIN,NE,1,#4F2683,3,#B0B7BC,183.52928921564535
MIN,NO,1,#4F2683,1,#D3BC8D,200.05999100269898
MIN,NYG,1,#4F2683,3,#A5ACAF,165.19079877523444
MIN,NYJ,1,#4F2683,2,#000000,157.62613996415695
MIN,PHI,1,#4F2683,2,#A5ACAF,165.19079877523444
MIN,PIT,1,#4F2683,1,#FFB612,253.9310930154084
MIN,SEA,1,#4F2683,2,#69BE28,179.055857206627
MIN,SF,1,#4F2683,1,#AA0000,163.9695093607345
MIN,TB,1,#4F2683,1,#D50A0A,182.70467974302136
MIN,TEN,2,#FFC62F,1,#0C2340,293.0989593976751
MIN,WAS,1,#4F2683,2,#FFB612,253.9310930154084
NE,ARI,1,#002244,1,#97233F,151.08606818631557
NE,ATL,1,#002244,1,#A71930,168.4339633209407
NE,BAL,1,#002244,3,#9E7C0C,190.26297590440447
NE,BUF,1,#002244,2,#C60C30,200.21987913291727
NE,CAR,1,#002244,1,#0085CA,166.6043216726385
NE,CHI,1,#002244,2,#C83803,211.44502831705455
NE,CIN,1,#002244,1,#FB4F14,259.4802497301095
NE,CLE,1,#002244,2,#FF3C00,265.1886121235224
NE,DAL,1,#002244,3,#869397,193.94329068054918
NE,DEN,1,#002244,1,#FB4F14,259.4802497301095
NE,DET,1,#002244,2,#B0B7BC,259.95576546789647
NE,GB,1,#002244,2,#FFB612,299.0468190768797
NE,HOU,1,#002244,2,#A71930,168.4339633209407
NE,IND,1,#002244,2,#A2AAAD,236.14614119227102
NE,JAX,1,#002244,2,#D7A22A,251.5651009182315
NE,KC,1,#002244,1,#E31837,227.5917397446577
NE,LAC,1,#002244,1,#0080C6,160.4244370412438
NE,LAR,1,#002244,2,#FFA300,293.7515957403466
NE,LV,1,#002244,2,#A5ACAF,240.2457075579083
NE,MIA,1,#002244,2,#FC4C02,263.8636011275523
NE,MIN,1,#002244,2,#FFC62F,303.9111712326482
NE,NO,1,#002244,1,#D3BC8D,271.23052925509694
NE,NYG,1,#002244,2,#A71930,168.4339633209407
NE,NYJ,1,#002244,3,#FFFFFF,385.7913944089474
NE,PHI,1,#002244,2,#A5ACAF,240.2457075579083
NE,PIT,1,#002244,1,#FFB612,299.0468190768797
NE,SEA,1,#002244,2,#69BE28,190.11838417154718
NE,SF,1,#002244,1,#AA0000,186.22566955175648
NE,TB,1,#002244,1,#D50A0A,222.05629916757596
NE,TEN,1,#002244,2,#4B92DB,202.41047403728888
NE,WAS,1,#002244,2,#FFB612,299.0468190768797
NO,ARI,1,#D3BC8D,1,#97233F,181.91481522954638
NO,ATL,1,#D3BC8D,1,#A71930,192.753728887407
NO,BAL,1,#D3BC8D,1,#241773,241.92147486322912
NO,BUF,1,#D3BC8D,1,#00338D,251.57503850740042
NO,CAR,1,#D3BC8D,1,#0085CA,226.4221720591868
NO,CHI,1,#D3BC8D,1,#0B162A,278.1312639744047
NO,CIN,1,#D3BC8D,1,#FB4F14,167.69615380204758
NO,CLE,1,#D3BC8D,1,#311D00,267.2190112997202
NO,DAL,1,#D3BC8D,1,#003594,250.58930543820102
NO,DEN,1,#D3BC8D,1,#FB4F14,167.69615380204758
NO,DET,1,#D3BC8D,1,#0076B6,226.05751480541406
NO,GB,1,#D3BC8D,1,#203731,241.2343259156955
NO,HOU,1,#D3BC8D,1,#03202F,276.4706132665821
NO,IND,1,#D3BC8D,1,#002C5F,259.5630944491146
NO,JAX,1,#D3BC8D,1,#101820,277.1317376267107
NO,KC,1,#D3BC8D,1,#E31837,185.87092295461386
NO,LAC,1,#D3BC8D,1,#0080C6,226.64950915455344
NO,LAR,1,#D3BC8D,1,#003594,250.58930543820102
NO,LV,1,#D3BC8D,1,#000000,315.8259014077218
NO,MIA,1,#D3BC8D,1,#008E97,216.18741869035765
NO,MIN,1,#D3BC8D,1,#4F2683,200.05999100269898
NO,NE,1,#D3BC8D,1,#002244,271.23052925509694
NO,NYG,1,#D3BC8D,1,#0B2265,255.5699512853575
NO,NYJ,1,#D3BC8D,1,#125740,231.03895775388185
NO,PHI,1,#D3BC8D,1,#004C54,245.58908770545975
NO,PIT,1,#D3BC8D,2,#101820,277.1317376267107
NO,SEA,1,#D3BC8D,1,#002244,271.23052925509694
NO,SF,1,#D3BC8D,1,#AA0000,238.549785160247
NO,TB,1,#D3BC8D,1,#D50A0A,221.01809880640997
NO,TEN,1,#D3BC8D,1,#0C2340,262.56237354198333
NO,WAS,1,#D3BC8D,1,#5A1414,239.80408670412604
NYG,ARI,1,#0B2265,3,#FFB612,297.20195154137195
NYG,ATL,1,#0B2265,1,#A71930,165.00303027520434
NYG,BAL,1,#0B2265,3,#9E7C0C,193.98453546610358
NYG,BUF,1,#0B2265,2,#C60C30,195.60674834984604
NYG,CAR,1,#0B2265,3,#BFC0BF,255.8593363549589
NYG,CHI,1,#0B2265,2,#C83803,214.030371676545
NYG,CIN,1,#0B2265,1,#FB4F14,257.2663988942202
NYG,CLE,1,#0B2265,2,#FF3C00,265.3544798943481
NYG,DAL,1,#0B2265,3,#869397,174.35022225394493
NYG,DEN,1,#0B2265,1,#FB4F14,257.2663988942202
NYG,DET,1,#0B2265,2,#B0B7BC,238.73625614891426
NYG,GB,1,#0B2265,2,#FFB612,297.20195154137195
NYG,HOU,1,#0B2265,2,#A71930,165.00303027520434
NYG,IND,1,#0B2265,2,#A2AAAD,215.59452683219953
NYG,JAX,1,#0B2265,2,#D7A22A,247.95362469623225
NYG,KC,1,#0B2265,1,#E31837,221.0701246211256
NYG,LAC,1,#0B2265,2,#FFC20E,304.4749579193665
NYG,LAR,1,#0B2265,2,#FFA300,293.901343991483
NYG,LV,1,#0B2265,2,#A5ACAF,219.62695645116062
NYG,MIA,1,#0B2265,2,#FC4C02,263.9052860402762
NYG,MIN,1,#0B2265,2,#FFC62F,298.9113580980154
NYG,NE,1,#0B2265,2,#C60C30,195.60674834984604
NYG,NO,1,#0B2265,1,#D3BC8D,255.5699512853575
NYG,NYJ,1,#0B2265,3,#FFFFFF,363.4460069941614
NYG,PHI,1,#0B2265,2,#A5ACAF,219.62695645116062
NYG,PIT,1,#0B2265,1,#FFB612,297.20195154137195
NYG,SEA,1,#0B2265,2,#69BE28,192.0755059865781
NYG,SF,1,#0B2265,1,#AA0000,191.41055352304897
NYG,TB,1,#0B2265,1,#D50A0A,222.84748147555987
NYG,TEN,1,#0B2265,2,#4B92DB,174.82562741200158
NYG,WAS,1,#0B2265,2,#FFB612,297.20195154137195
NYJ,ARI,1,#125740,3,#FFB612,259.44170828916464
NYJ,ATL,1,#125740,1,#A71930,162.17583050504166
NYJ,BAL,1,#125740,3,#9E7C0C,153.8603262702897
NYJ,BUF,1,#125740,2,#C60C30,195.65530915362353
NYJ,CAR,1,#125740,3,#BFC0BF,238.92048886606608
NYJ,CHI,1,#125740,2,#C83803,194.43765067496574
NYJ,CIN,1,#125740,1,#FB4F14,237.25302948539982
NYJ,CLE,1,#125740,2,#FF3C00,246.969633760914
NYJ,DAL,1,#125740,3,#869397,156.92354826475216
NYJ,DEN,1,#125740,1,#FB4F14,237.25302948539982
NYJ,DET,1,#125740,2,#B0B7BC,222.61176967986216
NYJ,GB,1,#125740,2,#FFB612,259.44170828916464
NYJ,HOU,1,#125740,2,#A71930,162.17583050504166
NYJ,IND,1,#125740,2,#A2AAAD,198.76116320851014
NYJ,JAX,1,#125740,2,#D7A22A,211.93867037423823
NYJ,KC,1,#125740,1,#E31837,218.4742547761635
NYJ,LAC,1,#125740,2,#FFC20E,264.79803624649486
NYJ,LAR,1,#125740,2,#FFA300,256.9844353263442
NYJ,LV,1,#125740,2,#A5ACAF,202.86695147312685
NYJ,MIA,1,#125740,2,#FC4C02,242.32416305436814
NYJ,MIN,1,#125740,2,#FFC62F,262.25750704221986
NYJ,NE,1,#125740,2,#C60C30,195.65530915362353
NYJ,NO,1,#125740,1,#D3BC8D,231.03895775388185
NYJ,NYG,1,#125740,2,#A71930,162.17583050504166
NYJ,PHI,1,#125740,2,#A5ACAF,202.86695147312685
NYJ,PIT,1,#125740,1,#FFB612,259.44170828916464
NYJ,SEA,1,#125740,3,#A5ACAF,202.86695147312685
NYJ,SF,1,#125740,1,#AA0000,186.4644738281263
NYJ,TB,1,#125740,1,#D50A0A,216.4948036327893
NYJ,TEN,1,#125740,2,#4B92DB,175.37103523672317
NYJ,WAS,1,#125740,2,#FFB612,259.44170828916464
PHI,ARI,1,#004C54,1,#97233F,157.87019984784968
PHI,ATL,1,#004C54,1,#A71930,178.28628662911794
PHI,BAL,1,#004C54,3,#9E7C0C,180.14438653480158
PHI,BUF,1,#004C54,2,#C60C30,211.17765033260503
PHI,CAR,1,#004C54,3,#BFC0BF,247.76198255583927
PHI,CHI,1,#004C54,2,#C83803,216.70486842708448
PHI,CIN,1,#004C54,1,#FB4F14,259.04825805243314
PHI,CLE,1,#004C54,2,#FF3C00,268.9553866350328
PHI,DAL,1,#004C54,3,#869397,165.7890225557772
PHI,DEN,1,#004C54,1,#FB4F14,259.04825805243314
PHI,DET,1,#004C54,2,#B0B7BC,230.7401135476881
PHI,GB,1,#004C54,2,#FFB612,283.93132972604485
PHI,HOU,1,#004C54,2,#A71930,178.28628662911794
PHI,IND,1,#004C54,2,#A2AAAD,207.36682473336953
PHI,JAX,1,#004C54,2,#D7A22A,235.34017931496527
PHI,KC,1,#004C54,1,#E31837,234.67850348934817
PHI,LAC,1,#004C54,2,#FFC20E,289.56691799996764
PHI,LAR,1,#004C54,2,#FFA300,282.22331583340167
PHI,LV,1,#004C54,2,#A5ACAF,211.47576693323518
PHI,MIA,1,#004C54,2,#FC4C02,265.0056603169072
PHI,MIN,1,#004C54,2,#FFC62F,285.09296729312706
PHI,NE,1,#004C54,2,#C60C30,211.17765033260503
PHI,NO,1,#004C54,1,#D3BC8D,245.58908770545975
PHI,NYG,1,#004C54,2,#A71930,178.28628662911794
PHI,NYJ,1,#004C54,3,#FFFFFF,355.3969611575203
PHI,PIT,1,#004C54,1,#FFB612,283.93132972604485
PHI,SEA,1,#004C54,2,#69BE28,161.11176245079065
PHI,SF,1,#004C54,1,#AA0000,204.2841158778626
PHI,TB,1,#004C54,1,#D50A0A,234.94893062110327
PHI,TEN,1,#004C54,2,#4B92DB,169.5582495781317
PHI,WAS,1,#004C54,2,#FFB612,283.93132972604485
PIT,ARI,1,#FFB612,1,#97233F,185.60711193270586
PIT,ATL,1,#FFB612,1,#A71930,182.4636950190366
PIT,BAL,1,#FFB612,1,#241773,287.49086942023047
PIT,BUF,1,#FFB612,1,#00338D,311.95352217918617
PIT,CAR,1,#FFB612,1,#0085CA,318.2483307104689
PIT,CHI,1,#FFB612,1,#0B162A,292.7661182582438
PIT,CIN,1,#FFB612,2,#000000,313.80407900471914
PIT,CLE,1,#FFB612,1,#311D00,257.2333570904054
PIT,DAL,1,#FFB612,1,#003594,313.9522256649887
PIT,DEN,1,#FFB612,2,#002244,299.0468190768797
PIT,DET,1,#FFB612,1,#0076B6,309.86610011422675
PIT,GB,1,#FFB612,1,#203731,258.4937136566381
PIT,HOU,1,#FFB612,1,#03202F,294.6947573337537
PIT,IND,1,#FFB612,1,#002C5F,299.99666664814794
PIT,JAX,1,#FFB612,1,#101820,286.8466489258677
PIT,KC,1,#FFB612,1,#E31837,164.67240205936147
PIT,LAC,1,#FFB612,1,#0080C6,316.76647549890754
PIT,LAR,1,#FFB612,1,#003594,313.9522256649887
PIT,LV,1,#FFB612,1,#000000,313.80407900471914
PIT,MIA,1,#FFB612,1,#008E97,290.3687310989253
PIT,MIN,1,#FFB612,1,#4F2683,253.9310930154084
PIT,NE,1,#FFB612,1,#002244,299.0468190768797
PIT,NO,1,#FFB612,2,#101820,286.8466489258677
PIT,NYG,1,#FFB612,1,#0B2265,297.20195154137195
PIT,NYJ,1,#FFB612,1,#125740,259.44170828916464
PIT,PHI,1,#FFB612,1,#004C54,283.93132972604485
PIT,SEA,1,#FFB612,1,#002244,299.0468190768797
PIT,SF,1,#FFB612,1,#AA0000,201.67548190099856
PIT,TB,1,#FFB612,1,#D50A0A,177.23430819116257
PIT,TEN,1,#FFB612,1,#0C2340,287.70470972856873
PIT,WAS,1,#FFB612,1,#5A1414,231.24229716900842
SEA,ARI,1,#002244,1,#97233F,151.08606818631557
SEA,ATL,1,#002244,1,#A71930,168.4339633209407
SEA,BAL,1,#002244,3,#9E7C0C,190.26297590440447
SEA,BUF,1,#002244,2,#C60C30,200.21987913291727
SEA,CAR,1,#002244,1,#0085CA,166.6043216726385
SEA,CHI,1,#002244,2,#C83803,211.44502831705455
SEA,CIN,1,#002244,1,#FB4F14,259.4802497301095
SEA,CLE,1,#002244,2,#FF3C00,265.1886121235224
SEA,DAL,1,#002244,3,#869397,193.94329068054918
SEA,DEN,1,#002244,1,#FB4F14,259.4802497301095
SEA,DET,1,#002244,2,#B0B7BC,259.95576546789647
SEA,GB,1,#002244,2,#FFB612,299.0468190768797
SEA,HOU,1,#002244,2,#A71930,168.4339633209407
SEA,IND,1,#002244,2,#A2AAAD,236.14614119227102
SEA,JAX,1,#002244,2,#D7A22A,251.5651009182315
SEA,KC,1,#002244,1,#E31837,227.5917397446577
SEA,LAC,1,#002244,1,#0080C6,160.4244370412438
SEA,LAR,1,#002244,2,#FFA300,293.7515957403466
SEA,LV,1,#002244,2,#A5ACAF,240.2457075579083
SEA,MIA,1,#002244,2,#FC4C02,263.8636011275523
SEA,MIN,1,#002244,2,#FFC62F,303.9111712326482
SEA,NE,1,#002244,2,#C60C30,200.21987913291727
SEA,NO,1,#002244,1,#D3BC8D,271.23052925509694
SEA,NYG,1,#002244,2,#A71930,168.4339633209407
SEA,NYJ,1,#002244,3,#FFFFFF,385.7913944089474
SEA,PHI,1,#002244,2,#A5ACAF,240.2457075579083
SEA,PIT,1,#002244,1,#FFB612,299.0468190768797
SEA,SF,1,#002244,1,#AA0000,186.22566955175648
SEA,TB,1,#002244,1,#D50A0A,222.05629916757596
SEA,TEN,1,#002244,2,#4B92DB,202.41047403728888
SEA,WAS,1,#002244,2,#FFB612,299.0468190768797
SF,ARI,1,#AA0000,2,#000000,170
SF,ATL,1,#AA0000,2,#000000,170
SF,BAL,1,#AA0000,1,#241773,178.07301873108122
SF,BUF,1,#AA0000,1,#00338D,226.6759802008144
SF,CAR,1,#AA0000,1,#0085CA,295.6230708182296
SF,CHI,1,#AA0000,1,#0B162A,165.91865476793137
SF,CIN,1,#AA0000,2,#000000,170
SF,CLE,2,#B3995D,1,#311D00,202.2992832414391
SF,DAL,1,#AA0000,1,#003594,231.54481207748967
SF,DEN,1,#AA0000,2,#002244,186.22566955175648
SF,DET,1,#AA0000,1,#0076B6,275.586646991468
SF,GB,1,#AA0000,1,#203731,156.4288975860918
SF,HOU,1,#AA0000,1,#03202F,176.41428513586987
SF,IND,1,#AA0000,1,#002C5F,199.65219758369804
SF,JAX,1,#AA0000,1,#101820,159.11002482559041
SF,KC,1,#AA0000,2,#FFB81C,204.60938394902615
SF,LAC,1,#AA0000,1,#0080C6,290.66819571463265
SF,LAR,1,#AA0000,1,#003594,231.54481207748967
SF,LV,1,#AA0000,1,#000000,170
SF,MIA,1,#AA0000,1,#008E97,268.07648162418127
SF,MIN,1,#AA0000,1,#4F2683,163.9695093607345
SF,NE,1,#AA0000,1,#002244,186.22566955175648
SF,NO,1,#AA0000,1,#D3BC8D,238.549785160247
SF,NYG,1,#AA0000,1,#0B2265,191.41055352304897
SF,NYJ,1,#AA0000,1,#125740,186.4644738281263
SF,PHI,1,#AA0000,1,#004C54,204.2841158778626
SF,PIT,1,#AA0000,1,#FFB612,201.67548190099856
SF,SEA,1,#AA0000,1,#002244,186.22566955175648
SF,TB,1,#AA0000,4,#B1BABF,266.6945818722233
SF,TEN,1,#AA0000,1,#0C2340,174.0258601472781
SF,WAS,1,#AA0000,2,#FFB612,201.67548190099856
TB,ARI,1,#D50A0A,2,#000000,213.4689672996991
TB,ATL,1,#D50A0A,2,#000000,213.4689672996991
TB,BAL,1,#D50A0A,1,#241773,206.2110569295449
TB,BUF,1,#D50A0A,1,#00338D,253.39889502521513
TB,CAR,1,#D50A0A,1,#0085CA,312.0288448204749
TB,CHI,1,#D50A0A,1,#0B162A,204.87069092478797
TB,CIN,1,#D50A0A,2,#000000,213.4689672996991
TB,CLE,1,#D50A0A,1,#311D00,165.39951632335567
TB,DAL,1,#D50A0A,1,#003594,257.414063329881
TB,DEN,1,#D50A0A,2,#002244,222.05629916757596
TB,DET,1,#D50A0A,1,#0076B6,294.3076621496627
TB,GB,1,#D50A0A,1,#203731,190.5439581828823
TB,HOU,1,#D50A0A,1,#03202F,214.36650857818253
TB,IND,1,#D50A0A,1,#002C5F,231.8404623873926
TB,JAX,1,#D50A0A,1,#101820,198.7183937133148
TB,KC,1,#D50A0A,2,#FFB81C,179.8999722067794
TB,LAC,1,#D50A0A,1,#0080C6,307.631272792608
TB,LAR,1,#D50A0A,1,#003594,257.414063329881
TB,LV,1,#D50A0A,1,#000000,213.4689672996991
TB,MIA,1,#D50A0A,1,#008E97,287.53086790812563
TB,MIN,1,#D50A0A,1,#4F2683,182.70467974302136
TB,NE,1,#D50A0A,1,#002244,222.05629916757596
TB,NO,1,#D50A0A,1,#D3BC8D,221.01809880640997
TB,NYG,1,#D50A0A,1,#0B2265,222.84748147555987
TB,NYJ,1,#D50A0A,1,#125740,216.4948036327893
TB,PHI,1,#D50A0A,1,#004C54,234.94893062110327
TB,PIT,1,#D50A0A,1,#FFB612,177.23430819116257
TB,SEA,1,#D50A0A,1,#002244,222.05629916757596
TB,SF,1,#D50A0A,2,#B3995D,168.80165875962237
TB,TEN,1,#D50A0A,1,#0C2340,209.62347196819348
TB,WAS,1,#D50A0A,2,#FFB612,177.23430819116257
TEN,ARI,1,#0C2340,3,#FFB612,287.70470972856873
TEN,ATL,1,#0C2340,1,#A71930,156.14416415607724
TEN,BAL,1,#0C2340,3,#9E7C0C,178.72045210327775
TEN,BUF,1,#0C2340,2,#C60C30,188.09837851507388
TEN,CAR,1,#0C2340,1,#0085CA,169.68205562168322
TEN,CHI,1,#0C2340,2,#C83803,198.76116320851014
TEN,CIN,1,#0C2340,1,#FB4F14,246.96760921222037
TEN,CLE,1,#0C2340,2,#FF3C00,252.52722625491296
TEN,DAL,1,#0C2340,3,#869397,187.07485132962154
TEN,DEN,1,#0C2340,1,#FB4F14,246.96760921222037
TEN,DET,1,#0C2340,2,#B0B7BC,253.3298245371042
TEN,GB,1,#0C2340,2,#FFB612,287.70470972856873
TEN,HOU,1,#0C2340,2,#A71930,156.14416415607724
TEN,IND,1,#0C2340,2,#A2AAAD,229.35997907219996
TEN,JAX,1,#0C2340,2,#D7A22A,240.46205521869766
TEN,KC,1,#0C2340,1,#E31837,215.4692553474857
TEN,LAC,1,#0C2340,1,#0080C6,163.55121522018723
TEN,LAR,1,#0C2340,2,#FFA300,282.00886510888273
TEN,LV,1,#0C2340,2,#A5ACAF,233.45020882406595
TEN,MIA,1,#0C2340,2,#FC4C02,251.24689052802225
TEN,MIN,1,#0C2340,2,#FFC62F,293.0989593976751
TEN,NE,1,#0C2340,2,#C60C30,188.09837851507388
TEN,NO,1,#0C2340,1,#D3BC8D,262.56237354198333
TEN,NYG,1,#0C2340,2,#A71930,156.14416415607724
TEN,NYJ,1,#0C2340,3,#FFFFFF,379.38107491017524
TEN,PHI,1,#0C2340,2,#A5ACAF,233.45020882406595
TEN,PIT,1,#0C2340,1,#FFB612,287.70470972856873
TEN,SEA,1,#0C2340,2,#69BE28,182.3458252881047
TEN,SF,1,#0C2340,1,#AA0000,174.0258601472781
TEN,TB,1,#0C2340,1,#D50A0A,209.62347196819348
TEN,WAS,1,#0C2340,2,#FFB612,287.70470972856873
WAS,ARI,1,#5A1414,3,#FFB612,231.24229716900842
WAS,ATL,1,#5A1414,3,#A5ACAF,229.68238939892626
WAS,BAL,2,#FFB612,1,#241773,287.49086942023047
WAS,BUF,1,#5A1414,1,#00338D,153.95453874439687
WAS,CAR,1,#5A1414,1,#0085CA,232.36393868240398
WAS,CHI,2,#FFB612,1,#0B162A,292.7661182582438
WAS,CIN,1,#5A1414,1,#FB4F14,171.47011401407536
WAS,CLE,1,#5A1414,2,#FF3C00,170.9532099727876
WAS,DAL,1,#5A1414,1,#003594,159.91560274094581
WAS,DEN,1,#5A1414,1,#FB4F14,171.47011401407536
WAS,DET,1,#5A1414,1,#0076B6,209.63778285414105
WAS,GB,1,#5A1414,2,#FFB612,231.24229716900842
WAS,HOU,2,#FFB612,1,#03202F,294.6947573337537
WAS,IND,1,#5A1414,2,#A2AAAD,226.0376074904351
WAS,JAX,1,#5A1414,2,#D7A22A,190.45471902790962
WAS,KC,1,#5A1414,2,#FFB81C,232.7767170487633
WAS,LAC,1,#5A1414,1,#0080C6,226.8215157342883
WAS,LAR,1,#5A1414,1,#003594,159.91560274094581
WAS,LV,1,#5A1414,2,#A5ACAF,229.68238939892626
WAS,MIA,1,#5A1414,1,#008E97,200.36217207846394
WAS,MIN,1,#5A1414,2,#FFC62F,244.20892694576094
WAS,NE,1,#5A1414,3,#B0B7BC,249.3772243008571
WAS,NO,1,#5A1414,1,#D3BC8D,239.80408670412604
WAS,NYG,1,#5A1414,3,#A5ACAF,229.68238939892626
WAS,NYJ,1,#5A1414,3,#FFFFFF,371.04581927303803
WAS,PHI,1,#5A1414,2,#A5ACAF,229.68238939892626
WAS,PIT,1,#5A1414,1,#FFB612,231.24229716900842
WAS,SEA,1,#5A1414,2,#69BE28,171.82840277439584
WAS,SF,1,#5A1414,2,#B3995D,175.89485495602196
WAS,TB,1,#5A1414,2,#FF7900,194.48907424325924
WAS,TEN,1,#5A1414,2,#4B92DB,236.01271152207036
